site,url,handle
joerascalducati.com.au,https://joerascalducati.com.au/collections/frontpage,frontpage
joerascalducati.com.au,https://joerascalducati.com.au/collections/panigale,panigale
joerascalducati.com.au,https://joerascalducati.com.au/collections/streetfighter-1,streetfighter-1
joerascalducati.com.au,https://joerascalducati.com.au/collections/monster,monster
joerascalducati.com.au,https://joerascalducati.com.au/collections/supersport,supersport
joerascalducati.com.au,https://joerascalducati.com.au/collections/hypermotard,hypermotard
joerascalducati.com.au,https://joerascalducati.com.au/collections/diavel,diavel
joerascalducati.com.au,https://joerascalducati.com.au/collections/multistrada,multistrada
joerascalducati.com.au,https://joerascalducati.com.au/collections/desert-x,desert-x
joerascalducati.com.au,https://joerascalducati.com.au/collections/desmo-450-mx,desmo-450-mx
joerascalducati.com.au,https://joerascalducati.com.au/collections/scrambler,scrambler
joerascalducati.com.au,https://joerascalducati.com.au/collections/models,models
joerascalducati.com.au,https://joerascalducati.com.au/collections/ride-gear,ride-gear
joerascalducati.com.au,https://joerascalducati.com.au/collections/lifestyle,lifestyle
joerascalducati.com.au,https://joerascalducati.com.au/collections/parts,parts
joerascalducati.com.au,https://joerascalducati.com.au/collections/sale,sale
joerascalducati.com.au,https://joerascalducati.com.au/collections/leather-suits,leather-suits
joerascalducati.com.au,https://joerascalducati.com.au/collections/riding-jackets,riding-jackets
joerascalducati.com.au,https://joerascalducati.com.au/collections/textile-jackets,textile-jackets
joerascalducati.com.au,https://joerascalducati.com.au/collections/pants,pants
joerascalducati.com.au,https://joerascalducati.com.au/collections/helmets,helmets
joerascalducati.com.au,https://joerascalducati.com.au/collections/boots,boots
joerascalducati.com.au,https://joerascalducati.com.au/collections/gloves,gloves
joerascalducati.com.au,https://joerascalducati.com.au/collections/protection-tech-wear,protection-tech-wear
joerascalducati.com.au,https://joerascalducati.com.au/collections/casual-gear,casual-gear
joerascalducati.com.au,https://joerascalducati.com.au/collections/gifts-collectables,gifts-collectables
joerascalducati.com.au,https://joerascalducati.com.au/collections/garage,garage
joerascalducati.com.au,https://joerascalducati.com.au/collections/casual-jackets,casual-jackets
joerascalducati.com.au,https://joerascalducati.com.au/collections/hoodies-jumpers,hoodies-jumpers
joerascalducati.com.au,https://joerascalducati.com.au/collections/shirts-polos,shirts-polos
joerascalducati.com.au,https://joerascalducati.com.au/collections/caps-hats,caps-hats
joerascalducati.com.au,https://joerascalducati.com.au/collections/scarves-belts,scarves-belts
joerascalducati.com.au,https://joerascalducati.com.au/collections/t-shirts,t-shirts
joerascalducati.com.au,https://joerascalducati.com.au/collections/eyewear,eyewear
joerascalducati.com.au,https://joerascalducati.com.au/collections/footwear,footwear
joerascalducati.com.au,https://joerascalducati.com.au/collections/other,other
joerascalducati.com.au,https://joerascalducati.com.au/collections/kids,kids
joerascalducati.com.au,https://joerascalducati.com.au/collections/giftcards,giftcards
joerascalducati.com.au,https://joerascalducati.com.au/collections/bags-umbrellas,bags-umbrellas
joerascalducati.com.au,https://joerascalducati.com.au/collections/homewear-stationary,homewear-stationary
joerascalducati.com.au,https://joerascalducati.com.au/collections/collectables-merchandise,collectables-merchandise
joerascalducati.com.au,https://joerascalducati.com.au/collections/2025-models,2025-models
joerascalducati.com.au,https://joerascalducati.com.au/collections/2024-bikes,2024-bikes
joerascalducati.com.au,https://joerascalducati.com.au/collections/mens,mens
joerascalducati.com.au,https://joerascalducati.com.au/collections/womens,womens
joerascalducati.com.au,https://joerascalducati.com.au/collections/helmets-1,helmets-1
joerascalducati.com.au,https://joerascalducati.com.au/collections/boots-1,boots-1
joerascalducati.com.au,https://joerascalducati.com.au/collections/batteries-chargers,batteries-chargers
joerascalducati.com.au,https://joerascalducati.com.au/collections/air-fuel,air-fuel
joerascalducati.com.au,https://joerascalducati.com.au/collections/clutch-clutch-levers,clutch-clutch-levers
joerascalducati.com.au,https://joerascalducati.com.au/collections/braking,braking
joerascalducati.com.au,https://joerascalducati.com.au/collections/lighting-electrical,lighting-electrical
joerascalducati.com.au,https://joerascalducati.com.au/collections/handlebars-levers-mirrors,handlebars-levers-mirrors
joerascalducati.com.au,https://joerascalducati.com.au/collections/starter-ignition,starter-ignition
joerascalducati.com.au,https://joerascalducati.com.au/collections/exhaust-performance,exhaust-performance
joerascalducati.com.au,https://joerascalducati.com.au/collections/drive-belt-chains,drive-belt-chains
joerascalducati.com.au,https://joerascalducati.com.au/collections/panniers-saddlebags,panniers-saddlebags
joerascalducati.com.au,https://joerascalducati.com.au/collections/seat-covers-seats,seat-covers-seats
joerascalducati.com.au,https://joerascalducati.com.au/collections/frame-footpegs,frame-footpegs
joerascalducati.com.au,https://joerascalducati.com.au/collections/screens-shields,screens-shields
joerascalducati.com.au,https://joerascalducati.com.au/collections/body-fenders,body-fenders
joerascalducati.com.au,https://joerascalducati.com.au/collections/security-storage,security-storage
joerascalducati.com.au,https://joerascalducati.com.au/collections/radiator-cooling,radiator-cooling
joerascalducati.com.au,https://joerascalducati.com.au/collections/oil-oil-filters,oil-oil-filters
joerascalducati.com.au,https://joerascalducati.com.au/collections/steering-suspension,steering-suspension
joerascalducati.com.au,https://joerascalducati.com.au/collections/gps-navigation,gps-navigation
joerascalducati.com.au,https://joerascalducati.com.au/collections/apparel-ride-gear,apparel-ride-gear
joerascalducati.com.au,https://joerascalducati.com.au/collections/gift-cards,gift-cards
joerascalducati.com.au,https://joerascalducati.com.au/collections/adventure-clothing,adventure-clothing
joerascalducati.com.au,https://joerascalducati.com.au/collections/new-arrivals,new-arrivals
joerascalducati.com.au,https://joerascalducati.com.au/collections/2026-models,2026-models
joerascalducati.com.au,https://joerascalducati.com.au/collections/panigale-1,panigale-1
joerascalducati.com.au,https://joerascalducati.com.au/collections/multistrada-1,multistrada-1
joerascalducati.com.au,https://joerascalducati.com.au/collections/diavel-1,diavel-1
joerascalducati.com.au,https://joerascalducati.com.au/collections/mx-apparel-accessories,mx-apparel-accessories
joerascalducati.com.au,https://joerascalducati.com.au/collections/test-collection,test-collection
joerascalducati.com.au,https://joerascalducati.com.au/collections/ducati-scrambler-jeo-rascal-ducati,ducati-scrambler-jeo-rascal-ducati
joerascalducati.com.au,https://joerascalducati.com.au/collections/ducati-hypermotard-698-joe-rascal-ducati,ducati-hypermotard-698-joe-rascal-ducati
joerascalducati.com.au,https://joerascalducati.com.au/collections/ducati-streetfighter-v4-joe-rascal-ducati,ducati-streetfighter-v4-joe-rascal-ducati
joerascalducati.com.au,https://joerascalducati.com.au/collections/ducati-xdiavel-v4-joe-rascal-ducati,ducati-xdiavel-v4-joe-rascal-ducati
joerascalducati.com.au,https://joerascalducati.com.au/collections/ducati-monster-v2-joe-rascal-ducati,ducati-monster-v2-joe-rascal-ducati
joerascalducati.com.au,https://joerascalducati.com.au/collections/hypermotard-v2-joe-rascal-ducati,hypermotard-v2-joe-rascal-ducati
joerascalducati.com.au,https://joerascalducati.com.au/collections/road-models,road-models
joerascalducati.com.au,https://joerascalducati.com.au/collections/multistrada-models-joe-rascal-ducati,multistrada-models-joe-rascal-ducati
joerascalducati.com.au,https://joerascalducati.com.au/collections/scrambler-ducati-models-joe-rascal-ducati,scrambler-ducati-models-joe-rascal-ducati
joerascalducati.com.au,https://joerascalducati.com.au/collections/skda-australia,skda-australia
joerascalharley.com.au,https://joerascalharley.com.au/collections/frontpage,frontpage
joerascalharley.com.au,https://joerascalharley.com.au/collections/brands,brands
joerascalharley.com.au,https://joerascalharley.com.au/collections/agv,agv
joerascalharley.com.au,https://joerascalharley.com.au/collections/airaid,airaid
joerascalharley.com.au,https://joerascalharley.com.au/collections/airoh,airoh
joerascalharley.com.au,https://joerascalharley.com.au/collections/all-balls-racing,all-balls-racing
joerascalharley.com.au,https://joerascalharley.com.au/collections/alloy-art,alloy-art
joerascalharley.com.au,https://joerascalharley.com.au/collections/alpine-ear-plugs,alpine-ear-plugs
joerascalharley.com.au,https://joerascalharley.com.au/collections/alpinestars,alpinestars
joerascalharley.com.au,https://joerascalharley.com.au/collections/arai,arai
joerascalharley.com.au,https://joerascalharley.com.au/collections/ariete,ariete
joerascalharley.com.au,https://joerascalharley.com.au/collections/arlen-ness,arlen-ness
joerascalharley.com.au,https://joerascalharley.com.au/collections/arnott-suspension,arnott-suspension
joerascalharley.com.au,https://joerascalharley.com.au/collections/avon-grips,avon-grips
joerascalharley.com.au,https://joerascalharley.com.au/collections/avon-tyres,avon-tyres
joerascalharley.com.au,https://joerascalharley.com.au/collections/badlands,badlands
joerascalharley.com.au,https://joerascalharley.com.au/collections/bandit-bars,bandit-bars
joerascalharley.com.au,https://joerascalharley.com.au/collections/bell-helmets,bell-helmets
joerascalharley.com.au,https://joerascalharley.com.au/collections/bel-ray,bel-ray
joerascalharley.com.au,https://joerascalharley.com.au/collections/belt-drives-ltd,belt-drives-ltd
joerascalharley.com.au,https://joerascalharley.com.au/collections/big-daddy-customs,big-daddy-customs
joerascalharley.com.au,https://joerascalharley.com.au/collections/bike-craft,bike-craft
joerascalharley.com.au,https://joerascalharley.com.au/collections/biltwell,biltwell
joerascalharley.com.au,https://joerascalharley.com.au/collections/blo,blo
joerascalharley.com.au,https://joerascalharley.com.au/collections/blow-exhausts,blow-exhausts
joerascalharley.com.au,https://joerascalharley.com.au/collections/bridgestone,bridgestone
joerascalharley.com.au,https://joerascalharley.com.au/collections/buell,buell
joerascalharley.com.au,https://joerascalharley.com.au/collections/bullbar,bullbar
joerascalharley.com.au,https://joerascalharley.com.au/collections/bull-it,bull-it
joerascalharley.com.au,https://joerascalharley.com.au/collections/burleigh-bars,burleigh-bars
joerascalharley.com.au,https://joerascalharley.com.au/collections/burly-brand,burly-brand
joerascalharley.com.au,https://joerascalharley.com.au/collections/cardo,cardo
joerascalharley.com.au,https://joerascalharley.com.au/collections/chris-products,chris-products
joerascalharley.com.au,https://joerascalharley.com.au/collections/ciro-3d,ciro-3d
joerascalharley.com.au,https://joerascalharley.com.au/collections/cobra-exhaust,cobra-exhaust
joerascalharley.com.au,https://joerascalharley.com.au/collections/colony-machine,colony-machine
joerascalharley.com.au,https://joerascalharley.com.au/collections/cometic-gaskets,cometic-gaskets
joerascalharley.com.au,https://joerascalharley.com.au/collections/cpr,cpr
joerascalharley.com.au,https://joerascalharley.com.au/collections/custom-dynamics,custom-dynamics
joerascalharley.com.au,https://joerascalharley.com.au/collections/cycle-electric-inc,cycle-electric-inc
joerascalharley.com.au,https://joerascalharley.com.au/collections/cycle-pro-lic,cycle-pro-lic
joerascalharley.com.au,https://joerascalharley.com.au/collections/cycle-vision,cycle-vision
joerascalharley.com.au,https://joerascalharley.com.au/collections/daytona-corporation,daytona-corporation
joerascalharley.com.au,https://joerascalharley.com.au/collections/daytona-twin-tec,daytona-twin-tec
joerascalharley.com.au,https://joerascalharley.com.au/collections/dixxon-quality-flannel,dixxon-quality-flannel
joerascalharley.com.au,https://joerascalharley.com.au/collections/dna-specialty,dna-specialty
joerascalharley.com.au,https://joerascalharley.com.au/collections/dririder,dririder
joerascalharley.com.au,https://joerascalharley.com.au/collections/dunlop,dunlop
joerascalharley.com.au,https://joerascalharley.com.au/collections/dura,dura
joerascalharley.com.au,https://joerascalharley.com.au/collections/dynatek,dynatek
joerascalharley.com.au,https://joerascalharley.com.au/collections/dynojet,dynojet
joerascalharley.com.au,https://joerascalharley.com.au/collections/eldorado,eldorado
joerascalharley.com.au,https://joerascalharley.com.au/collections/emgo,emgo
joerascalharley.com.au,https://joerascalharley.com.au/collections/factory-47-handlebars,factory-47-handlebars
joerascalharley.com.au,https://joerascalharley.com.au/collections/ferodo,ferodo
joerascalharley.com.au,https://joerascalharley.com.au/collections/feuling,feuling
joerascalharley.com.au,https://joerascalharley.com.au/collections/fist-handwear,fist-handwear
joerascalharley.com.au,https://joerascalharley.com.au/collections/forcite,forcite
joerascalharley.com.au,https://joerascalharley.com.au/collections/freedom-performance-exhaust,freedom-performance-exhaust
joerascalharley.com.au,https://joerascalharley.com.au/collections/future-sports,future-sports
joerascalharley.com.au,https://joerascalharley.com.au/collections/galfer-brakes,galfer-brakes
joerascalharley.com.au,https://joerascalharley.com.au/collections/goodridge,goodridge
joerascalharley.com.au,https://joerascalharley.com.au/collections/gp,gp
joerascalharley.com.au,https://joerascalharley.com.au/collections/hawg-halters,hawg-halters
joerascalharley.com.au,https://joerascalharley.com.au/collections/headsox,headsox
joerascalharley.com.au,https://joerascalharley.com.au/collections/hiflo,hiflo
joerascalharley.com.au,https://joerascalharley.com.au/collections/hightail,hightail
joerascalharley.com.au,https://joerascalharley.com.au/collections/hjc-helmets,hjc-helmets
joerascalharley.com.au,https://joerascalharley.com.au/collections/hog-lights-australia,hog-lights-australia
joerascalharley.com.au,https://joerascalharley.com.au/collections/huss-australia,huss-australia
joerascalharley.com.au,https://joerascalharley.com.au/collections/innovv,innovv
joerascalharley.com.au,https://joerascalharley.com.au/collections/james-gaskets-inc,james-gaskets-inc
joerascalharley.com.au,https://joerascalharley.com.au/collections/johnny-reb,johnny-reb
joerascalharley.com.au,https://joerascalharley.com.au/collections/jt-sprockets,jt-sprockets
joerascalharley.com.au,https://joerascalharley.com.au/collections/k-n-filters,k-n-filters
joerascalharley.com.au,https://joerascalharley.com.au/collections/kellermann,kellermann
joerascalharley.com.au,https://joerascalharley.com.au/collections/khrome-werks,khrome-werks
joerascalharley.com.au,https://joerascalharley.com.au/collections/klock-werks,klock-werks
joerascalharley.com.au,https://joerascalharley.com.au/collections/kodlin,kodlin
joerascalharley.com.au,https://joerascalharley.com.au/collections/kovix,kovix
joerascalharley.com.au,https://joerascalharley.com.au/collections/kpr-industries,kpr-industries
joerascalharley.com.au,https://joerascalharley.com.au/collections/kraus-moto,kraus-moto
joerascalharley.com.au,https://joerascalharley.com.au/collections/krome-worx,krome-worx
joerascalharley.com.au,https://joerascalharley.com.au/collections/kuryakyn,kuryakyn
joerascalharley.com.au,https://joerascalharley.com.au/collections/la-corsa,la-corsa
joerascalharley.com.au,https://joerascalharley.com.au/collections/le-pera-seats,le-pera-seats
joerascalharley.com.au,https://joerascalharley.com.au/collections/legend-supension,legend-supension
joerascalharley.com.au,https://joerascalharley.com.au/collections/link-international,link-international
joerascalharley.com.au,https://joerascalharley.com.au/collections/lyndall-brakes,lyndall-brakes
joerascalharley.com.au,https://joerascalharley.com.au/collections/magnaflow,magnaflow
joerascalharley.com.au,https://joerascalharley.com.au/collections/magnum-shielding,magnum-shielding
joerascalharley.com.au,https://joerascalharley.com.au/collections/memphis-shades,memphis-shades
joerascalharley.com.au,https://joerascalharley.com.au/collections/metzeler,metzeler
joerascalharley.com.au,https://joerascalharley.com.au/collections/michelin,michelin
joerascalharley.com.au,https://joerascalharley.com.au/collections/motherwell-products,motherwell-products
joerascalharley.com.au,https://joerascalharley.com.au/collections/motocell,motocell
joerascalharley.com.au,https://joerascalharley.com.au/collections/moto-cred,moto-cred
joerascalharley.com.au,https://joerascalharley.com.au/collections/motodry,motodry
joerascalharley.com.au,https://joerascalharley.com.au/collections/motorex,motorex
joerascalharley.com.au,https://joerascalharley.com.au/collections/motul,motul
joerascalharley.com.au,https://joerascalharley.com.au/collections/namz-custom-cycle-products,namz-custom-cycle-products
joerascalharley.com.au,https://joerascalharley.com.au/collections/ngk,ngk
joerascalharley.com.au,https://joerascalharley.com.au/collections/odi-grips-bars,odi-grips-bars
joerascalharley.com.au,https://joerascalharley.com.au/collections/onguard-locks,onguard-locks
joerascalharley.com.au,https://joerascalharley.com.au/collections/oxford,oxford
joerascalharley.com.au,https://joerascalharley.com.au/collections/paul-yaffe,paul-yaffe
joerascalharley.com.au,https://joerascalharley.com.au/collections/pbi-sprockets,pbi-sprockets
joerascalharley.com.au,https://joerascalharley.com.au/collections/penrite,penrite
joerascalharley.com.au,https://joerascalharley.com.au/collections/performance-machine,performance-machine
joerascalharley.com.au,https://joerascalharley.com.au/collections/pirelli,pirelli
joerascalharley.com.au,https://joerascalharley.com.au/collections/progressive-suspension,progressive-suspension
joerascalharley.com.au,https://joerascalharley.com.au/collections/psr-usa,psr-usa
joerascalharley.com.au,https://joerascalharley.com.au/collections/quad-lock,quad-lock
joerascalharley.com.au,https://joerascalharley.com.au/collections/recluse,recluse
joerascalharley.com.au,https://joerascalharley.com.au/collections/rev-it,rev-it
joerascalharley.com.au,https://joerascalharley.com.au/collections/ridewright-wheels,ridewright-wheels
joerascalharley.com.au,https://joerascalharley.com.au/collections/rinehart-racing-exhausts,rinehart-racing-exhausts
joerascalharley.com.au,https://joerascalharley.com.au/collections/rizoma,rizoma
joerascalharley.com.au,https://joerascalharley.com.au/collections/rjays,rjays
joerascalharley.com.au,https://joerascalharley.com.au/collections/rocker-lockers,rocker-lockers
joerascalharley.com.au,https://joerascalharley.com.au/collections/rollies-speed-shop,rollies-speed-shop
joerascalharley.com.au,https://joerascalharley.com.au/collections/russ-wernimont-designs,russ-wernimont-designs
joerascalharley.com.au,https://joerascalharley.com.au/collections/rxt-helmets,rxt-helmets
joerascalharley.com.au,https://joerascalharley.com.au/collections/s-s-cycle-performance,s-s-cycle-performance
joerascalharley.com.au,https://joerascalharley.com.au/collections/saddlemen-seats,saddlemen-seats
joerascalharley.com.au,https://joerascalharley.com.au/collections/scorpion,scorpion
joerascalharley.com.au,https://joerascalharley.com.au/collections/scorpion-helmets,scorpion-helmets
joerascalharley.com.au,https://joerascalharley.com.au/collections/screamin-eagle,screamin-eagle
joerascalharley.com.au,https://joerascalharley.com.au/collections/seirus,seirus
joerascalharley.com.au,https://joerascalharley.com.au/collections/sena,sena
joerascalharley.com.au,https://joerascalharley.com.au/collections/shinko-tyres,shinko-tyres
joerascalharley.com.au,https://joerascalharley.com.au/collections/shoei,shoei
joerascalharley.com.au,https://joerascalharley.com.au/collections/siktail,siktail
joerascalharley.com.au,https://joerascalharley.com.au/collections/simpson-helmets,simpson-helmets
joerascalharley.com.au,https://joerascalharley.com.au/collections/spectro-oils,spectro-oils
joerascalharley.com.au,https://joerascalharley.com.au/collections/ssb,ssb
joerascalharley.com.au,https://joerascalharley.com.au/collections/star-racing,star-racing
joerascalharley.com.au,https://joerascalharley.com.au/collections/steel-horse-jewelry,steel-horse-jewelry
joerascalharley.com.au,https://joerascalharley.com.au/collections/suomy-helmets,suomy-helmets
joerascalharley.com.au,https://joerascalharley.com.au/collections/supertrapp-exhaust,supertrapp-exhaust
joerascalharley.com.au,https://joerascalharley.com.au/collections/tarmac,tarmac
joerascalharley.com.au,https://joerascalharley.com.au/collections/techno-research,techno-research
joerascalharley.com.au,https://joerascalharley.com.au/collections/tecmate,tecmate
joerascalharley.com.au,https://joerascalharley.com.au/collections/thrashin-supply,thrashin-supply
joerascalharley.com.au,https://joerascalharley.com.au/collections/trask-performance,trask-performance
joerascalharley.com.au,https://joerascalharley.com.au/collections/tucker,tucker
joerascalharley.com.au,https://joerascalharley.com.au/collections/two-brothers-racing,two-brothers-racing
joerascalharley.com.au,https://joerascalharley.com.au/collections/ugly-fish-goggles,ugly-fish-goggles
joerascalharley.com.au,https://joerascalharley.com.au/collections/vance-and-hines,vance-and-hines
joerascalharley.com.au,https://joerascalharley.com.au/collections/vee-rubber,vee-rubber
joerascalharley.com.au,https://joerascalharley.com.au/collections/ventura,ventura
joerascalharley.com.au,https://joerascalharley.com.au/collections/vortex,vortex
joerascalharley.com.au,https://joerascalharley.com.au/collections/whites-motorcycle-parts,whites-motorcycle-parts
joerascalharley.com.au,https://joerascalharley.com.au/collections/wild-1-handlebars,wild-1-handlebars
joerascalharley.com.au,https://joerascalharley.com.au/collections/willie-and-max,willie-and-max
joerascalharley.com.au,https://joerascalharley.com.au/collections/wire-plus,wire-plus
joerascalharley.com.au,https://joerascalharley.com.au/collections/x-lite-helmets,x-lite-helmets
joerascalharley.com.au,https://joerascalharley.com.au/collections/x-tech,x-tech
joerascalharley.com.au,https://joerascalharley.com.au/collections/yuasa,yuasa
joerascalharley.com.au,https://joerascalharley.com.au/collections/zan-headgear,zan-headgear
joerascalharley.com.au,https://joerascalharley.com.au/collections/zippers-performance,zippers-performance
joerascalharley.com.au,https://joerascalharley.com.au/collections/zodiac,zodiac
joerascalharley.com.au,https://joerascalharley.com.au/collections/harley-davidson,harley-davidson
joerascalharley.com.au,https://joerascalharley.com.au/collections/sale,sale
joerascalharley.com.au,https://joerascalharley.com.au/collections/sports,sports
joerascalharley.com.au,https://joerascalharley.com.au/collections/cruiser,cruiser
joerascalharley.com.au,https://joerascalharley.com.au/collections/grand-american-touring,grand-american-touring
joerascalharley.com.au,https://joerascalharley.com.au/collections/adventure-touring,adventure-touring
joerascalharley.com.au,https://joerascalharley.com.au/collections/trike,trike
joerascalharley.com.au,https://joerascalharley.com.au/collections/learner,learner
joerascalharley.com.au,https://joerascalharley.com.au/collections/gloves,gloves
joerascalharley.com.au,https://joerascalharley.com.au/collections/pre-owned,pre-owned
joerascalharley.com.au,https://joerascalharley.com.au/collections/helmets,helmets
joerascalharley.com.au,https://joerascalharley.com.au/collections/full-face-helmets,full-face-helmets
joerascalharley.com.au,https://joerascalharley.com.au/collections/full-face-road,full-face-road
joerascalharley.com.au,https://joerascalharley.com.au/collections/open-face,open-face
joerascalharley.com.au,https://joerascalharley.com.au/collections/modular,modular
joerascalharley.com.au,https://joerascalharley.com.au/collections/smart,smart
joerascalharley.com.au,https://joerascalharley.com.au/collections/visors-accessories,visors-accessories
joerascalharley.com.au,https://joerascalharley.com.au/collections/bluetooth-intercom,bluetooth-intercom
joerascalharley.com.au,https://joerascalharley.com.au/collections/casual-clothing,casual-clothing
joerascalharley.com.au,https://joerascalharley.com.au/collections/footwear,footwear
joerascalharley.com.au,https://joerascalharley.com.au/collections/riding-jackets-vests,riding-jackets-vests
joerascalharley.com.au,https://joerascalharley.com.au/collections/riding-pants-jeans,riding-pants-jeans
joerascalharley.com.au,https://joerascalharley.com.au/collections/rainwear,rainwear
joerascalharley.com.au,https://joerascalharley.com.au/collections/eyewear-facemasks,eyewear-facemasks
joerascalharley.com.au,https://joerascalharley.com.au/collections/accessories,accessories
joerascalharley.com.au,https://joerascalharley.com.au/collections/e-bikes-balance-bikes,e-bikes-balance-bikes
joerascalharley.com.au,https://joerascalharley.com.au/collections/kids-clothing,kids-clothing
joerascalharley.com.au,https://joerascalharley.com.au/collections/mens,mens
joerascalharley.com.au,https://joerascalharley.com.au/collections/womens,womens
joerascalharley.com.au,https://joerascalharley.com.au/collections/stacyc,stacyc
joerascalharley.com.au,https://joerascalharley.com.au/collections/gifts-collectables,gifts-collectables
joerascalharley.com.au,https://joerascalharley.com.au/collections/voucher,voucher
joerascalharley.com.au,https://joerascalharley.com.au/collections/audio-electronics,audio-electronics
joerascalharley.com.au,https://joerascalharley.com.au/collections/bags-luggage-racks,bags-luggage-racks
joerascalharley.com.au,https://joerascalharley.com.au/collections/brakes-suspension,brakes-suspension
joerascalharley.com.au,https://joerascalharley.com.au/collections/clutch-primary,clutch-primary
joerascalharley.com.au,https://joerascalharley.com.au/collections/custom-accessories-trim,custom-accessories-trim
joerascalharley.com.au,https://joerascalharley.com.au/collections/battery-electrical,battery-electrical
joerascalharley.com.au,https://joerascalharley.com.au/collections/engine-transmission,engine-transmission
joerascalharley.com.au,https://joerascalharley.com.au/collections/exhaust-mufflers,exhaust-mufflers
joerascalharley.com.au,https://joerascalharley.com.au/collections/lighting,lighting
joerascalharley.com.au,https://joerascalharley.com.au/collections/foot-controls,foot-controls
joerascalharley.com.au,https://joerascalharley.com.au/collections/handlebars-controls,handlebars-controls
joerascalharley.com.au,https://joerascalharley.com.au/collections/fuel-air,fuel-air
joerascalharley.com.au,https://joerascalharley.com.au/collections/gauges-instruments,gauges-instruments
joerascalharley.com.au,https://joerascalharley.com.au/collections/service-maintenance,service-maintenance
joerascalharley.com.au,https://joerascalharley.com.au/collections/radiators-cooling,radiators-cooling
joerascalharley.com.au,https://joerascalharley.com.au/collections/seats-sissy-bars,seats-sissy-bars
joerascalharley.com.au,https://joerascalharley.com.au/collections/security-storage,security-storage
joerascalharley.com.au,https://joerascalharley.com.au/collections/wheel-tyre,wheel-tyre
joerascalharley.com.au,https://joerascalharley.com.au/collections/vehicle-protection,vehicle-protection
joerascalharley.com.au,https://joerascalharley.com.au/collections/windshields-screens,windshields-screens
joerascalharley.com.au,https://joerascalharley.com.au/collections/parts,parts
joerascalharley.com.au,https://joerascalharley.com.au/collections/hoodies-jumpers,hoodies-jumpers
joerascalharley.com.au,https://joerascalharley.com.au/collections/t-shirts-tanks,t-shirts-tanks
joerascalharley.com.au,https://joerascalharley.com.au/collections/jackets,jackets
joerascalharley.com.au,https://joerascalharley.com.au/collections/shirts-vests,shirts-vests
joerascalharley.com.au,https://joerascalharley.com.au/collections/hats-beanies-bandanas,hats-beanies-bandanas
joerascalharley.com.au,https://joerascalharley.com.au/collections/pants-shorts,pants-shorts
joerascalharley.com.au,https://joerascalharley.com.au/collections/socks-jocks,socks-jocks
joerascalharley.com.au,https://joerascalharley.com.au/collections/riding-shoes,riding-shoes
joerascalharley.com.au,https://joerascalharley.com.au/collections/casual-shoes,casual-shoes
joerascalharley.com.au,https://joerascalharley.com.au/collections/kevlar-jackets-tops,kevlar-jackets-tops
joerascalharley.com.au,https://joerascalharley.com.au/collections/leather-jackets-vests,leather-jackets-vests
joerascalharley.com.au,https://joerascalharley.com.au/collections/textile-jackets,textile-jackets
joerascalharley.com.au,https://joerascalharley.com.au/collections/reflective-vests,reflective-vests
joerascalharley.com.au,https://joerascalharley.com.au/collections/heated-jackets-vests,heated-jackets-vests
joerascalharley.com.au,https://joerascalharley.com.au/collections/armour,armour
joerascalharley.com.au,https://joerascalharley.com.au/collections/rings-watches-jewellery,rings-watches-jewellery
joerascalharley.com.au,https://joerascalharley.com.au/collections/wallets-money-clips,wallets-money-clips
joerascalharley.com.au,https://joerascalharley.com.au/collections/belts-buckles,belts-buckles
joerascalharley.com.au,https://joerascalharley.com.au/collections/bags-backpacks,bags-backpacks
joerascalharley.com.au,https://joerascalharley.com.au/collections/eyewear,eyewear
joerascalharley.com.au,https://joerascalharley.com.au/collections/face-masks-neck-tubes,face-masks-neck-tubes
joerascalharley.com.au,https://joerascalharley.com.au/collections/scarf,scarf
joerascalharley.com.au,https://joerascalharley.com.au/collections/automotive,automotive
joerascalharley.com.au,https://joerascalharley.com.au/collections/for-the-bar,for-the-bar
joerascalharley.com.au,https://joerascalharley.com.au/collections/phone-electronics,phone-electronics
joerascalharley.com.au,https://joerascalharley.com.au/collections/for-the-home,for-the-home
joerascalharley.com.au,https://joerascalharley.com.au/collections/lanyards-keyrings,lanyards-keyrings
joerascalharley.com.au,https://joerascalharley.com.au/collections/models-toys,models-toys
joerascalharley.com.au,https://joerascalharley.com.au/collections/pins-patches,pins-patches
joerascalharley.com.au,https://joerascalharley.com.au/collections/pet-accessories,pet-accessories
joerascalharley.com.au,https://joerascalharley.com.au/collections/ride-bells,ride-bells
joerascalharley.com.au,https://joerascalharley.com.au/collections/stickers-decals,stickers-decals
joerascalharley.com.au,https://joerascalharley.com.au/collections/tin-signs-magnets,tin-signs-magnets
joerascalharley.com.au,https://joerascalharley.com.au/collections/harley-davidson-helmets,harley-davidson-helmets
joerascalharley.com.au,https://joerascalharley.com.au/collections/air-filters-intakes,air-filters-intakes
joerascalharley.com.au,https://joerascalharley.com.au/collections/spark-plugs-leads,spark-plugs-leads
joerascalharley.com.au,https://joerascalharley.com.au/collections/amps-subwoofers,amps-subwoofers
joerascalharley.com.au,https://joerascalharley.com.au/collections/antennas,antennas
joerascalharley.com.au,https://joerascalharley.com.au/collections/bluetooth-receivers,bluetooth-receivers
joerascalharley.com.au,https://joerascalharley.com.au/collections/cameras,cameras
joerascalharley.com.au,https://joerascalharley.com.au/collections/electronic-device-accessories,electronic-device-accessories
joerascalharley.com.au,https://joerascalharley.com.au/collections/gps-systems,gps-systems
joerascalharley.com.au,https://joerascalharley.com.au/collections/installation-hardware,installation-hardware
joerascalharley.com.au,https://joerascalharley.com.au/collections/phone-mounts-accessories,phone-mounts-accessories
joerascalharley.com.au,https://joerascalharley.com.au/collections/accessory-bags,accessory-bags
joerascalharley.com.au,https://joerascalharley.com.au/collections/panniers-saddlebags,panniers-saddlebags
joerascalharley.com.au,https://joerascalharley.com.au/collections/roll-bags,roll-bags
joerascalharley.com.au,https://joerascalharley.com.au/collections/tour-paks-luggage-racks,tour-paks-luggage-racks
joerascalharley.com.au,https://joerascalharley.com.au/collections/handlebar-bags,handlebar-bags
joerascalharley.com.au,https://joerascalharley.com.au/collections/swingarm-bags,swingarm-bags
joerascalharley.com.au,https://joerascalharley.com.au/collections/windshield-bags,windshield-bags
joerascalharley.com.au,https://joerascalharley.com.au/collections/fairings-windshield,fairings-windshield
joerascalharley.com.au,https://joerascalharley.com.au/collections/fenders-tail-tidies-number-plate,fenders-tail-tidies-number-plate
joerascalharley.com.au,https://joerascalharley.com.au/collections/fuel-tanks,fuel-tanks
joerascalharley.com.au,https://joerascalharley.com.au/collections/oil-tanks,oil-tanks
joerascalharley.com.au,https://joerascalharley.com.au/collections/paints-paint-protection,paints-paint-protection
joerascalharley.com.au,https://joerascalharley.com.au/collections/decals-graphics,decals-graphics
joerascalharley.com.au,https://joerascalharley.com.au/collections/hardware,hardware
joerascalharley.com.au,https://joerascalharley.com.au/collections/body-paint,body-paint
joerascalharley.com.au,https://joerascalharley.com.au/collections/brake-calipers-covers,brake-calipers-covers
joerascalharley.com.au,https://joerascalharley.com.au/collections/brake-pads-discs-drums,brake-pads-discs-drums
joerascalharley.com.au,https://joerascalharley.com.au/collections/brake-hardware-fittings,brake-hardware-fittings
joerascalharley.com.au,https://joerascalharley.com.au/collections/brake-lines-rebuild-kits,brake-lines-rebuild-kits
joerascalharley.com.au,https://joerascalharley.com.au/collections/suspension-air-ride-shocks,suspension-air-ride-shocks
joerascalharley.com.au,https://joerascalharley.com.au/collections/fork-front-end,fork-front-end
joerascalharley.com.au,https://joerascalharley.com.au/collections/clutch-clutch-components,clutch-clutch-components
joerascalharley.com.au,https://joerascalharley.com.au/collections/belts-chain-drive-components,belts-chain-drive-components
joerascalharley.com.au,https://joerascalharley.com.au/collections/sprockets-pulleys-bearings,sprockets-pulleys-bearings
joerascalharley.com.au,https://joerascalharley.com.au/collections/batteries,batteries
joerascalharley.com.au,https://joerascalharley.com.au/collections/battery-chargers-testers,battery-chargers-testers
joerascalharley.com.au,https://joerascalharley.com.au/collections/charging-systems-components,charging-systems-components
joerascalharley.com.au,https://joerascalharley.com.au/collections/spark-plugs-leads-1,spark-plugs-leads-1
joerascalharley.com.au,https://joerascalharley.com.au/collections/switches-sensors-relays,switches-sensors-relays
joerascalharley.com.au,https://joerascalharley.com.au/collections/horns,horns
joerascalharley.com.au,https://joerascalharley.com.au/collections/air-cleaner-covers,air-cleaner-covers
joerascalharley.com.au,https://joerascalharley.com.au/collections/frame-and-axle-covers,frame-and-axle-covers
joerascalharley.com.au,https://joerascalharley.com.au/collections/engine-covers,engine-covers
joerascalharley.com.au,https://joerascalharley.com.au/collections/engine-mid-frame-trim,engine-mid-frame-trim
joerascalharley.com.au,https://joerascalharley.com.au/collections/tank-console,tank-console
joerascalharley.com.au,https://joerascalharley.com.au/collections/decorative-hardware,decorative-hardware
joerascalharley.com.au,https://joerascalharley.com.au/collections/complete-engines-mounts,complete-engines-mounts
joerascalharley.com.au,https://joerascalharley.com.au/collections/cams-cam-chest,cams-cam-chest
joerascalharley.com.au,https://joerascalharley.com.au/collections/performance-kits,performance-kits
joerascalharley.com.au,https://joerascalharley.com.au/collections/cylinders-heads-pistons,cylinders-heads-pistons
joerascalharley.com.au,https://joerascalharley.com.au/collections/transmission-assembly-and-components,transmission-assembly-and-components
joerascalharley.com.au,https://joerascalharley.com.au/collections/oil-pumps-engine-cooler,oil-pumps-engine-cooler
joerascalharley.com.au,https://joerascalharley.com.au/collections/crankcase-push-rods-bottom-end,crankcase-push-rods-bottom-end
joerascalharley.com.au,https://joerascalharley.com.au/collections/top-end-engine-rebuild-kits,top-end-engine-rebuild-kits
joerascalharley.com.au,https://joerascalharley.com.au/collections/rockers-push-rods,rockers-push-rods
joerascalharley.com.au,https://joerascalharley.com.au/collections/tuning-ecu,tuning-ecu
joerascalharley.com.au,https://joerascalharley.com.au/collections/seals-shims-bearings,seals-shims-bearings
joerascalharley.com.au,https://joerascalharley.com.au/collections/silencers-baffles,silencers-baffles
joerascalharley.com.au,https://joerascalharley.com.au/collections/exhaust-headers-shields,exhaust-headers-shields
joerascalharley.com.au,https://joerascalharley.com.au/collections/end-caps,end-caps
joerascalharley.com.au,https://joerascalharley.com.au/collections/exhaust-hardware-replacement-parts,exhaust-hardware-replacement-parts
joerascalharley.com.au,https://joerascalharley.com.au/collections/mufflers,mufflers
joerascalharley.com.au,https://joerascalharley.com.au/collections/full-systems,full-systems
joerascalharley.com.au,https://joerascalharley.com.au/collections/accent-auxiliary-lighting,accent-auxiliary-lighting
joerascalharley.com.au,https://joerascalharley.com.au/collections/headlights,headlights
joerascalharley.com.au,https://joerascalharley.com.au/collections/tail-brake-lighting,tail-brake-lighting
joerascalharley.com.au,https://joerascalharley.com.au/collections/turn-signals,turn-signals
joerascalharley.com.au,https://joerascalharley.com.au/collections/headlamp-trim-visors,headlamp-trim-visors
joerascalharley.com.au,https://joerascalharley.com.au/collections/mounting-hardware-components,mounting-hardware-components
joerascalharley.com.au,https://joerascalharley.com.au/collections/globes,globes
joerascalharley.com.au,https://joerascalharley.com.au/collections/brake-clutch-shift-levers,brake-clutch-shift-levers
joerascalharley.com.au,https://joerascalharley.com.au/collections/brake-pedals,brake-pedals
joerascalharley.com.au,https://joerascalharley.com.au/collections/footpegs-footboards,footpegs-footboards
joerascalharley.com.au,https://joerascalharley.com.au/collections/kickstands-other-components,kickstands-other-components
joerascalharley.com.au,https://joerascalharley.com.au/collections/forward-controls,forward-controls
joerascalharley.com.au,https://joerascalharley.com.au/collections/air-cleaners-kits,air-cleaners-kits
joerascalharley.com.au,https://joerascalharley.com.au/collections/carburetor-choke-jets,carburetor-choke-jets
joerascalharley.com.au,https://joerascalharley.com.au/collections/fuel-taps-inline-filters,fuel-taps-inline-filters
joerascalharley.com.au,https://joerascalharley.com.au/collections/fuel-pumps-filters,fuel-pumps-filters
joerascalharley.com.au,https://joerascalharley.com.au/collections/inlet-manifolds,inlet-manifolds
joerascalharley.com.au,https://joerascalharley.com.au/collections/bike-wash-care,bike-wash-care
joerascalharley.com.au,https://joerascalharley.com.au/collections/lubricants-greases-sealants,lubricants-greases-sealants
joerascalharley.com.au,https://joerascalharley.com.au/collections/coolant,coolant
joerascalharley.com.au,https://joerascalharley.com.au/collections/motorcycle-tune-up-kits,motorcycle-tune-up-kits
joerascalharley.com.au,https://joerascalharley.com.au/collections/oils-fluids,oils-fluids
joerascalharley.com.au,https://joerascalharley.com.au/collections/gaskets-seals-clamps,gaskets-seals-clamps
joerascalharley.com.au,https://joerascalharley.com.au/collections/oil-filters,oil-filters
joerascalharley.com.au,https://joerascalharley.com.au/collections/bike-stands-lifts-transport,bike-stands-lifts-transport
joerascalharley.com.au,https://joerascalharley.com.au/collections/radiators,radiators
joerascalharley.com.au,https://joerascalharley.com.au/collections/water-pump-rebuild-kits,water-pump-rebuild-kits
joerascalharley.com.au,https://joerascalharley.com.au/collections/oil-coolers-and-components,oil-coolers-and-components
joerascalharley.com.au,https://joerascalharley.com.au/collections/coolants,coolants
joerascalharley.com.au,https://joerascalharley.com.au/collections/backrest-pads,backrest-pads
joerascalharley.com.au,https://joerascalharley.com.au/collections/docking-hardware,docking-hardware
joerascalharley.com.au,https://joerascalharley.com.au/collections/seat-seat-covers,seat-seat-covers
joerascalharley.com.au,https://joerascalharley.com.au/collections/sissy-bars-sideplates,sissy-bars-sideplates
joerascalharley.com.au,https://joerascalharley.com.au/collections/heated-seats,heated-seats
joerascalharley.com.au,https://joerascalharley.com.au/collections/clutch-lever-master-cylinders,clutch-lever-master-cylinders
joerascalharley.com.au,https://joerascalharley.com.au/collections/handlebar-controls-switch-caps,handlebar-controls-switch-caps
joerascalharley.com.au,https://joerascalharley.com.au/collections/handlebars-risers,handlebars-risers
joerascalharley.com.au,https://joerascalharley.com.au/collections/hand-grips-guards-throttle,hand-grips-guards-throttle
joerascalharley.com.au,https://joerascalharley.com.au/collections/mirrors-bar-ends,mirrors-bar-ends
joerascalharley.com.au,https://joerascalharley.com.au/collections/cables-lines,cables-lines
joerascalharley.com.au,https://joerascalharley.com.au/collections/gauges,gauges
joerascalharley.com.au,https://joerascalharley.com.au/collections/speedometers-tachometers-clocks,speedometers-tachometers-clocks
joerascalharley.com.au,https://joerascalharley.com.au/collections/voltage,voltage
joerascalharley.com.au,https://joerascalharley.com.au/collections/tools,tools
joerascalharley.com.au,https://joerascalharley.com.au/collections/garage-storage,garage-storage
joerascalharley.com.au,https://joerascalharley.com.au/collections/locks-chains-keys,locks-chains-keys
joerascalharley.com.au,https://joerascalharley.com.au/collections/lifts-stands-tie-downs,lifts-stands-tie-downs
joerascalharley.com.au,https://joerascalharley.com.au/collections/motorcycle-covers,motorcycle-covers
joerascalharley.com.au,https://joerascalharley.com.au/collections/systems-alarms,systems-alarms
joerascalharley.com.au,https://joerascalharley.com.au/collections/engine-guards,engine-guards
joerascalharley.com.au,https://joerascalharley.com.au/collections/tank-protectors,tank-protectors
joerascalharley.com.au,https://joerascalharley.com.au/collections/frame-swingarm-gaurds,frame-swingarm-gaurds
joerascalharley.com.au,https://joerascalharley.com.au/collections/fork-shock-guards,fork-shock-guards
joerascalharley.com.au,https://joerascalharley.com.au/collections/bash-plates,bash-plates
joerascalharley.com.au,https://joerascalharley.com.au/collections/exhaust-guards,exhaust-guards
joerascalharley.com.au,https://joerascalharley.com.au/collections/radiator-guards,radiator-guards
joerascalharley.com.au,https://joerascalharley.com.au/collections/sprockets-pulleys,sprockets-pulleys
joerascalharley.com.au,https://joerascalharley.com.au/collections/tyres,tyres
joerascalharley.com.au,https://joerascalharley.com.au/collections/tubes,tubes
joerascalharley.com.au,https://joerascalharley.com.au/collections/wheel-components-hardware-wheels,wheel-components-hardware-wheels
joerascalharley.com.au,https://joerascalharley.com.au/collections/rims,rims
joerascalharley.com.au,https://joerascalharley.com.au/collections/new-arrivals,new-arrivals
joerascalharley.com.au,https://joerascalharley.com.au/collections/dealerwear,dealerwear
joerascalharley.com.au,https://joerascalharley.com.au/collections/2025-bikes,2025-bikes
joerascalharley.com.au,https://joerascalharley.com.au/collections/2024-bikes-1,2024-bikes-1
joerascalharley.com.au,https://joerascalharley.com.au/collections/bikes,bikes
joerascalharley.com.au,https://joerascalharley.com.au/collections/harley-davidson-riding-jackets,harley-davidson-riding-jackets
joerascalharley.com.au,https://joerascalharley.com.au/collections/joe-rascal,joe-rascal
joerascalharley.com.au,https://joerascalharley.com.au/collections/crooked-clubhouse,crooked-clubhouse
joerascalharley.com.au,https://joerascalharley.com.au/collections/gift-cards,gift-cards
joerascalharley.com.au,https://joerascalharley.com.au/collections/falco-boots,falco-boots
joerascalharley.com.au,https://joerascalharley.com.au/collections/s-s-cycles-october-promotion,s-s-cycles-october-promotion
joerascalharley.com.au,https://joerascalharley.com.au/collections/womens-essentail-bling-collection,womens-essentail-bling-collection
joerascalharley.com.au,https://joerascalharley.com.au/collections/harley-davidson-factory-racing,harley-davidson-factory-racing
joerascalharley.com.au,https://joerascalharley.com.au/collections/pre-owned-1,pre-owned-1
joerascalharley.com.au,https://joerascalharley.com.au/collections/azonic,azonic
joerascalharley.com.au,https://joerascalharley.com.au/collections/christmas,christmas
joerascalharley.com.au,https://joerascalharley.com.au/collections/2026-harley-davidson-models,2026-harley-davidson-models
joerascalharley.com.au,https://joerascalharley.com.au/collections/slyfox,slyfox
joerascalharley.com.au,https://joerascalharley.com.au/collections/arlen-ness-big-brake-promo,arlen-ness-big-brake-promo
joerascalharley.com.au,https://joerascalharley.com.au/collections/december-big-brand-sale,december-big-brand-sale
joerascalharley.com.au,https://joerascalharley.com.au/collections/clothing,clothing
joerascalharley.com.au,https://joerascalharley.com.au/collections/test-collection-seo-layout,test-collection-seo-layout
joerascalharley.com.au,https://joerascalharley.com.au/collections/ebc-brakes,ebc-brakes
joerascalharley.com.au,https://joerascalharley.com.au/collections/did-chains,did-chains
joerascalharley.com.au,https://joerascalharley.com.au/collections/powervolt-batteries,powervolt-batteries
joerascalharley.com.au,https://joerascalharley.com.au/collections/fulbat-motorcycle-batteries,fulbat-motorcycle-batteries
joerascalharley.com.au,https://joerascalharley.com.au/collections/oakley,oakley
joerascalharley.com.au,https://joerascalharley.com.au/collections/dainese-motorcycle-riding-gear,dainese-motorcycle-riding-gear
joerascalharley.com.au,https://joerascalharley.com.au/collections/fly-racing,fly-racing
joerascalharley.com.au,https://joerascalharley.com.au/collections/m2r-helmets,m2r-helmets
joerascalharley.com.au,https://joerascalharley.com.au/collections/pinlock-helmet-anti-fog-lenses,pinlock-helmet-anti-fog-lenses
joerascalharley.com.au,https://joerascalharley.com.au/collections/evs-motorcycle-protection-armour,evs-motorcycle-protection-armour
joerascalharley.com.au,https://joerascalharley.com.au/collections/6d-helmets,6d-helmets
joerascalharley.com.au,https://joerascalharley.com.au/collections/sidi-premium-motorcycle-boots-riding-footwear,sidi-premium-motorcycle-boots-riding-footwear
joerascalharley.com.au,https://joerascalharley.com.au/collections/fmf-racing-exhausts-performance-parts,fmf-racing-exhausts-performance-parts
joerascalharley.com.au,https://joerascalharley.com.au/collections/froth-motorcycle-cleaning-products,froth-motorcycle-cleaning-products
joerascalharley.com.au,https://joerascalharley.com.au/collections/uclear-motorcycle-intercoms-bluetooth-systems,uclear-motorcycle-intercoms-bluetooth-systems
joerascalharley.com.au,https://joerascalharley.com.au/collections/pmj-motorcycle-jeans-riding-denim,pmj-motorcycle-jeans-riding-denim
joerascalharley.com.au,https://joerascalharley.com.au/collections/argon-motorcycle-riding-gear-protection,argon-motorcycle-riding-gear-protection
joerascalharley.com.au,https://joerascalharley.com.au/collections/x-halo-armour-motorcycle-protection,x-halo-armour-motorcycle-protection
joerascalharley.com.au,https://joerascalharley.com.au/collections/smk-helmets,smk-helmets
joerascalharley.com.au,https://joerascalharley.com.au/collections/asterisk-protection,asterisk-protection
joerascalharley.com.au,https://joerascalharley.com.au/collections/2026-bikes,2026-bikes
joerascalharley.com.au,https://joerascalharley.com.au/collections/mens-motorcycle-t-shirts-tanks,mens-motorcycle-t-shirts-tanks
joerascalharley.com.au,https://joerascalharley.com.au/collections/womens-motorcycle-t-shirts-tanks,womens-motorcycle-t-shirts-tanks
joerascalharley.com.au,https://joerascalharley.com.au/collections/mens-motorcycle-riding-jackets-vests,mens-motorcycle-riding-jackets-vests
joerascalharley.com.au,https://joerascalharley.com.au/collections/harley-davidson-footwear,harley-davidson-footwear
joerascalharley.com.au,https://joerascalharley.com.au/collections/zac-speed-performance-motorcycle-gear,zac-speed-performance-motorcycle-gear
joerascalharley.com.au,https://joerascalharley.com.au/collections/andrew-products,andrew-products
joerascalharley.com.au,https://joerascalharley.com.au/collections/avon,avon
joerascalharley.com.au,https://joerascalharley.com.au/collections/accel,accel
joerascalharley.com.au,https://joerascalharley.com.au/collections/autolight-spark-plugs,autolight-spark-plugs
joerascalharley.com.au,https://joerascalharley.com.au/collections/avv-valves,avv-valves
joerascalharley.com.au,https://joerascalharley.com.au/collections/barnett,barnett
joerascalharley.com.au,https://joerascalharley.com.au/collections/bcm-bender-cycle,bcm-bender-cycle
joerascalharley.com.au,https://joerascalharley.com.au/collections/buchanans-spoke-rim,buchanans-spoke-rim
joerascalharley.com.au,https://joerascalharley.com.au/collections/custom-cycle-engineering,custom-cycle-engineering
joerascalharley.com.au,https://joerascalharley.com.au/collections/dakota-digital,dakota-digital
joerascalharley.com.au,https://joerascalharley.com.au/collections/compu-fire,compu-fire
joerascalharley.com.au,https://joerascalharley.com.au/collections/cruise-mate-inc,cruise-mate-inc
joerascalharley.com.au,https://joerascalharley.com.au/collections/eastern-motorcycle-parts,eastern-motorcycle-parts
joerascalharley.com.au,https://joerascalharley.com.au/collections/deka-batteries,deka-batteries
joerascalharley.com.au,https://joerascalharley.com.au/collections/evolution-industries,evolution-industries
joerascalharley.com.au,https://joerascalharley.com.au/collections/energy-one-clutches,energy-one-clutches
joerascalharley.com.au,https://joerascalharley.com.au/collections/design-engineering-inc,design-engineering-inc
joerascalharley.com.au,https://joerascalharley.com.au/collections/fuel-tool,fuel-tool
joerascalharley.com.au,https://joerascalharley.com.au/collections/d-d-exhausts,d-d-exhausts
joerascalharley.com.au,https://joerascalharley.com.au/collections/flo-motorsports,flo-motorsports
joerascalharley.com.au,https://joerascalharley.com.au/collections/golan-fuel-caps,golan-fuel-caps
joerascalharley.com.au,https://joerascalharley.com.au/collections/g2-ergonomics,g2-ergonomics
joerascalharley.com.au,https://joerascalharley.com.au/collections/hayden-enterprises,hayden-enterprises
joerascalharley.com.au,https://joerascalharley.com.au/collections/horsepower-inc,horsepower-inc
joerascalharley.com.au,https://joerascalharley.com.au/collections/hog-tunes,hog-tunes
joerascalharley.com.au,https://joerascalharley.com.au/collections/jagg-oil-coolers,jagg-oil-coolers
joerascalharley.com.au,https://joerascalharley.com.au/collections/jims,jims
joerascalharley.com.au,https://joerascalharley.com.au/collections/keith-black-pistons,keith-black-pistons
joerascalharley.com.au,https://joerascalharley.com.au/collections/kreem,kreem
joerascalharley.com.au,https://joerascalharley.com.au/collections/k-l,k-l
joerascalharley.com.au,https://joerascalharley.com.au/collections/letric-lighting-co,letric-lighting-co
joerascalharley.com.au,https://joerascalharley.com.au/collections/new-rage-cycles,new-rage-cycles
joerascalharley.com.au,https://joerascalharley.com.au/collections/pingel,pingel
joerascalharley.com.au,https://joerascalharley.com.au/collections/roland-sands-design,roland-sands-design
joerascalharley.com.au,https://joerascalharley.com.au/collections/quantum-fuel-systems,quantum-fuel-systems
joerascalharley.com.au,https://joerascalharley.com.au/collections/rocket-cams,rocket-cams
joerascalharley.com.au,https://joerascalharley.com.au/collections/rekluse-clutch-revolution,rekluse-clutch-revolution
joerascalharley.com.au,https://joerascalharley.com.au/collections/spyke-motorcycle-products,spyke-motorcycle-products
joerascalharley.com.au,https://joerascalharley.com.au/collections/thunder-max,thunder-max
joerascalharley.com.au,https://joerascalharley.com.au/collections/wilwood-engineering,wilwood-engineering
joerascalharley.com.au,https://joerascalharley.com.au/collections/sbs-racing,sbs-racing
joerascalharley.com.au,https://joerascalharley.com.au/collections/wicked-wear,wicked-wear
joerascalharley.com.au,https://joerascalharley.com.au/collections/draggin-jeans,draggin-jeans
joerascalharley.com.au,https://joerascalharley.com.au/collections/zarkie,zarkie
joerascalharley.com.au,https://joerascalharley.com.au/collections/airhawk,airhawk
joerascalharley.com.au,https://joerascalharley.com.au/collections/trakk-it,trakk-it
joerascalharley.com.au,https://joerascalharley.com.au/collections/gopro,gopro
joerascalharley.com.au,https://joerascalharley.com.au/collections/five-advanced-gloves,five-advanced-gloves
joerascalharley.com.au,https://joerascalharley.com.au/collections/ogio,ogio
joerascalharley.com.au,https://joerascalharley.com.au/collections/cat-crap,cat-crap
joerascalharley.com.au,https://joerascalharley.com.au/collections/travel-master,travel-master
joerascalharley.com.au,https://joerascalharley.com.au/collections/ryco,ryco
joerascalharley.com.au,https://joerascalharley.com.au/collections/fox-suspension,fox-suspension
joerascalharley.com.au,https://joerascalharley.com.au/collections/eunicell,eunicell
joerascalharley.com.au,https://joerascalharley.com.au/collections/maisto,maisto
joerascalharley.com.au,https://joerascalharley.com.au/collections/rk-chains,rk-chains
joerascalharley.com.au,https://joerascalharley.com.au/collections/v-spec-batteries,v-spec-batteries
joerascalharley.com.au,https://joerascalharley.com.au/collections/sea-doo,sea-doo
joerascalharley.com.au,https://joerascalharley.com.au/collections/lindby-customs,lindby-customs
joerascalharley.com.au,https://joerascalharley.com.au/collections/carillo-pistons,carillo-pistons
joerascalharley.com.au,https://joerascalharley.com.au/collections/death-collective,death-collective
joerascalharley.com.au,https://joerascalharley.com.au/collections/hardstreet-saddle-bag-shelf,hardstreet-saddle-bag-shelf
joerascalharley.com.au,https://joerascalharley.com.au/collections/rick-s-motorsport-electrics,rick-s-motorsport-electrics
joerascalharley.com.au,https://joerascalharley.com.au/collections/standard-motorcycle-products,standard-motorcycle-products
joerascalharley.com.au,https://joerascalharley.com.au/collections/tts-tuner,tts-tuner
joerascalharley.com.au,https://joerascalharley.com.au/collections/la-choppers,la-choppers
joerascalharley.com.au,https://joerascalharley.com.au/collections/handy-industries,handy-industries
joerascalharley.com.au,https://joerascalharley.com.au/collections/ixon,ixon
joerascalharley.com.au,https://joerascalharley.com.au/collections/spc-exhausts,spc-exhausts
joerascalharley.com.au,https://joerascalharley.com.au/collections/pickle-juice,pickle-juice
joerascalharley.com.au,https://joerascalharley.com.au/collections/todds-cycle,todds-cycle
joerascalharley.com.au,https://joerascalharley.com.au/collections/taylor-spark-plug-leads,taylor-spark-plug-leads
joerascalharley.com.au,https://joerascalharley.com.au/collections/merla-moto,merla-moto
joerascalharley.com.au,https://joerascalharley.com.au/collections/bobster,bobster
joerascalharley.com.au,https://joerascalharley.com.au/collections/sawicki-speed,sawicki-speed
joerascalharley.com.au,https://joerascalharley.com.au/collections/ls2,ls2
joerascalharley.com.au,https://joerascalharley.com.au/collections/american-accessories,american-accessories
joerascalharley.com.au,https://joerascalharley.com.au/collections/firebrand-exhausts,firebrand-exhausts
joerascalharley.com.au,https://joerascalharley.com.au/collections/denali,denali
joerascalharley.com.au,https://joerascalharley.com.au/collections/mtx-parts,mtx-parts
joerascalharley.com.au,https://joerascalharley.com.au/collections/xam,xam
joerascalharley.com.au,https://joerascalharley.com.au/collections/cruztools,cruztools
joerascalharley.com.au,https://joerascalharley.com.au/collections/ultracool-oil-coolers,ultracool-oil-coolers
joerascalharley.com.au,https://joerascalharley.com.au/collections/fox-racing,fox-racing
joerascalharley.com.au,https://joerascalharley.com.au/collections/muller,muller
joerascalharley.com.au,https://joerascalharley.com.au/collections/richa,richa
joerascalharley.com.au,https://joerascalharley.com.au/collections/american-prime-manufacturing,american-prime-manufacturing
joerascalharley.com.au,https://joerascalharley.com.au/collections/koso-north-america,koso-north-america
joerascalharley.com.au,https://joerascalharley.com.au/collections/wired-bikes,wired-bikes
joerascalharley.com.au,https://joerascalharley.com.au/collections/joe-rascal-harley,joe-rascal-harley
joerascalharley.com.au,https://joerascalharley.com.au/collections/figurati-designs,figurati-designs
joerascalharley.com.au,https://joerascalharley.com.au/collections/wood-performance,wood-performance
joerascalharley.com.au,https://joerascalharley.com.au/collections/mustang-motorcycle-seats,mustang-motorcycle-seats
joerascalharley.com.au,https://joerascalharley.com.au/collections/drag-specialties,drag-specialties
joerascalharley.com.au,https://joerascalharley.com.au/collections/hdm,hdm
joerascalharley.com.au,https://joerascalharley.com.au/collections/mini-moto,mini-moto
joerascalharley.com.au,https://joerascalharley.com.au/collections/castrol,castrol
joerascalharley.com.au,https://joerascalharley.com.au/collections/viper,viper
joerascalharley.com.au,https://joerascalharley.com.au/collections/goodtire,goodtire
joerascalharley.com.au,https://joerascalharley.com.au/collections/atv-tyres,atv-tyres
joerascalharley.com.au,https://joerascalharley.com.au/collections/king,king
joerascalharley.com.au,https://joerascalharley.com.au/collections/red-bull,red-bull
joerascalharley.com.au,https://joerascalharley.com.au/collections/m9,m9
joerascalharley.com.au,https://joerascalharley.com.au/collections/unifilter,unifilter
joerascalharley.com.au,https://joerascalharley.com.au/collections/rp-filters,rp-filters
joerascalharley.com.au,https://joerascalharley.com.au/collections/kryptonite,kryptonite
joerascalharley.com.au,https://joerascalharley.com.au/collections/luma,luma
joerascalharley.com.au,https://joerascalharley.com.au/collections/aerofast,aerofast
joerascalharley.com.au,https://joerascalharley.com.au/collections/victron,victron
joerascalharley.com.au,https://joerascalharley.com.au/collections/barkbusters,barkbusters
joerascalharley.com.au,https://joerascalharley.com.au/collections/lextek,lextek
joerascalharley.com.au,https://joerascalharley.com.au/collections/fusport,fusport
joerascalharley.com.au,https://joerascalharley.com.au/collections/heidenau-tyres,heidenau-tyres
joerascalharley.com.au,https://joerascalharley.com.au/collections/mino,mino
joerascalharley.com.au,https://joerascalharley.com.au/collections/joe-rascal-racing,joe-rascal-racing
joerascalharley.com.au,https://joerascalharley.com.au/collections/willie-g-skull-harley-davidson-parts-accessories-apparel-joe-rascal-harley-davidson,willie-g-skull-harley-davidson-parts-accessories-apparel-joe-rascal-harley-davidson
joerascalharley.com.au,https://joerascalharley.com.au/collections/harley-davidson-grips,harley-davidson-grips
joerascalharley.com.au,https://joerascalharley.com.au/collections/harley-davidson-heated-grips,harley-davidson-heated-grips
joerascalharley.com.au,https://joerascalharley.com.au/collections/bagger-world-cup,bagger-world-cup
joerascalharley.com.au,https://joerascalharley.com.au/collections/go-joe-rascal-fast,go-joe-rascal-fast
joerascalharley.com.au,https://joerascalharley.com.au/collections/harley-davidson-parts,harley-davidson-parts
joerascalharley.com.au,https://joerascalharley.com.au/collections/harley-davidson-apparel,harley-davidson-apparel
joerascalharley.com.au,https://joerascalharley.com.au/collections/harley-davidson-riding-gear,harley-davidson-riding-gear
joerascalharley.com.au,https://joerascalharley.com.au/collections/zimbler-models,zimbler-models
joerascalharley.com.au,https://joerascalharley.com.au/collections/yacht,yacht
joerascalharley.com.au,https://joerascalharley.com.au/collections/wanda,wanda
joerascalharley.com.au,https://joerascalharley.com.au/collections/x-lite,x-lite
joerascalharley.com.au,https://joerascalharley.com.au/collections/voltz,voltz
joerascalharley.com.au,https://joerascalharley.com.au/collections/ufo,ufo
joerascalharley.com.au,https://joerascalharley.com.au/collections/uswe,uswe
joerascalharley.com.au,https://joerascalharley.com.au/collections/twin-air,twin-air
joerascalharley.com.au,https://joerascalharley.com.au/collections/tyre-shield,tyre-shield
joerascalharley.com.au,https://joerascalharley.com.au/collections/streamline,streamline
joerascalharley.com.au,https://joerascalharley.com.au/collections/stm-pumps,stm-pumps
joerascalharley.com.au,https://joerascalharley.com.au/collections/shark,shark
joerascalharley.com.au,https://joerascalharley.com.au/collections/scorpion-exo,scorpion-exo
joerascalharley.com.au,https://joerascalharley.com.au/collections/silkolene,silkolene
joerascalharley.com.au,https://joerascalharley.com.au/collections/scar-racing,scar-racing
joerascalharley.com.au,https://joerascalharley.com.au/collections/rokform,rokform
joerascalharley.com.au,https://joerascalharley.com.au/collections/tru-tension,tru-tension
joerascalharley.com.au,https://joerascalharley.com.au/collections/rock-oil,rock-oil
joerascalharley.com.au,https://joerascalharley.com.au/collections/thh,thh
joerascalharley.com.au,https://joerascalharley.com.au/collections/three-d,three-d
joerascalharley.com.au,https://joerascalharley.com.au/collections/tm-motorcycle-luggage,tm-motorcycle-luggage
joerascalharley.com.au,https://joerascalharley.com.au/collections/rise-mousse,rise-mousse
joerascalharley.com.au,https://joerascalharley.com.au/collections/renthal,renthal
joerascalharley.com.au,https://joerascalharley.com.au/collections/oneal,oneal
joerascalharley.com.au,https://joerascalharley.com.au/collections/optimate,optimate
joerascalharley.com.au,https://joerascalharley.com.au/collections/oyek-batteries,oyek-batteries
joerascalharley.com.au,https://joerascalharley.com.au/collections/plexus,plexus
joerascalharley.com.au,https://joerascalharley.com.au/collections/oko,oko
joerascalharley.com.au,https://joerascalharley.com.au/collections/one-industries,one-industries
joerascalharley.com.au,https://joerascalharley.com.au/collections/motomuck,motomuck
joerascalharley.com.au,https://joerascalharley.com.au/collections/nissin,nissin
joerascalharley.com.au,https://joerascalharley.com.au/collections/nolan,nolan
joerascalharley.com.au,https://joerascalharley.com.au/collections/kenda,kenda
joerascalharley.com.au,https://joerascalharley.com.au/collections/liqui-moly,liqui-moly
joerascalharley.com.au,https://joerascalharley.com.au/collections/lucas,lucas
joerascalharley.com.au,https://joerascalharley.com.au/collections/maxi-grip,maxi-grip
joerascalharley.com.au,https://joerascalharley.com.au/collections/meiwa,meiwa
joerascalharley.com.au,https://joerascalharley.com.au/collections/givi,givi
joerascalharley.com.au,https://joerascalharley.com.au/collections/innova,innova
joerascalharley.com.au,https://joerascalharley.com.au/collections/ison,ison
joerascalharley.com.au,https://joerascalharley.com.au/collections/nostalgic-art,nostalgic-art
